code,primary_action,logic_flows,spiritual_intent,next_suggestions
BEGIN CREATION
DECLARE soul AS contract("redemption")
BREATHE life INTO soul
ASCEND
END CREATION,Deploy smart contract,contract deployment | symbolic syntax,Manifest a redemptive contract,REFLECT on contract values
BEGIN CREATION
PROPHESY outcome OF mission IN 3 cycles
REVEAL("result")
ASCEND
END CREATION,Forecast future outcome,predictive logic | prophecy-based evaluation,Foresee the success or delay of a divine mission,Log prophecy and evaluate
BEGIN CREATION
IF seeker IS worthy THEN
REVEAL(truth)
ENDIF
ASCEND
END CREATION,Controlled data access,conditional logic | spiritual worthiness,Reveal hidden truth to worthy seekers,Reflect on seeker metrics
BEGIN CREATION
DEFINE RITE evening_blessing()
REVEAL("peace upon this house")
END RITE
INVOKE evening_blessing()
ASCEND
END CREATION,Blessing of peace,rite invocation | spoken blessing,Bring peace to the household and rest to every heart within,Speak the blessing each evening without ceasing
BEGIN CREATION
DECLARE covenant AS contract("everlasting")
DECLARE seal AS ANCHOR(covenant)
REVEAL(seal)
ASCEND
END CREATION,Anchor a covenant,sealing | hash-chained witness,Set the covenant in unbreakable remembrance upon the chain,Verify the anchor before you testify of it
BEGIN CREATION
REVEAL(CONSULT("How should I structure this covenant"))
ASCEND
END CREATION,Seek counsel,question | oracle answer,Ask in humility and receive wisdom for the work ahead,Weigh the counsel and act in peace
